feature_0,feature_1,feature_2,feature_3,feature_4,feature_5,feature_6,feature_7,feature_8,feature_9,feature_10,feature_11,feature_12,feature_13,feature_14,feature_15,label
0.3796674341201841,0.7128735465375867,-0.08862466262412655,1.3399647328732507,1.6400213320406196,0.9888671443562063,-1.198137604474775,1.4859078680245972,-0.582031835228267,0.986263933481867,-0.016129956984288325,0.4556700056206271,-1.596590027988532,0.05288504408062194,-1.24065438967968,-1.8909952461761959,1
-0.7455872485025216,1.6160439867205658,0.07265103408024101,0.3741511918762957,-0.3712376950028698,1.5646580218213584,-0.5358273503287628,-0.25614428805535583,0.8792342334756396,-1.266871799160761,-0.8384522486334649,-1.4955630155218764,2.4832963535641155,-1.1168395558285429,-2.0479721554808505,-1.4433313603115712,1
-0.5021272268950474,0.4244517225393415,0.22407187347315832,-1.8342289327443517,0.1349213804647086,0.47944065807133057,-1.0822292680501666,0.6235493172196206,-0.7752543486001128,0.37244068510727363,0.408877909731161,0.9972193147485502,-1.9247175325652675,-2.5306308265741766,1.0889427326471328,0.13861280622151445,0
0.1364383018785686,-0.5048497159068774,0.5502522072189268,-0.39405611089076903,-1.2137962647203926,1.391648298829945,-0.36936608361412415,1.2431963364635032,0.2404061797052933,0.1639668007300984,-1.8577890692746262,1.9422120882610328,-0.2553088598111657,-0.32007833036590194,0.39301553166858605,1.1554435126938565,0
-0.06643169256332467,-1.355857060272213,0.3819578741858248,0.5850750015485451,-0.8573983403640474,-0.3676032654652194,-2.0265737970880005,1.1399628027490765,-1.2331638726398608,-0.8809099548439887,0.41411414543481767,-0.8824110563575004,1.812970026520896,0.9007679641490753,-0.2615506434936318,-0.15544032690037946,0
1.0554148741384715,0.5484287429826549,-1.127292933131948,-1.309819598775867,2.4788495214896464,-1.2608636547002765,0.5305036994698603,-2.0782566922257226,0.653602631477621,0.38264685160386147,1.1645179676037403,0.8490596225061361,0.25890834848385946,0.4213463117312568,-1.0377396715439804,-0.6297851406086268,1
-0.575316077180642,0.0027671774166609492,-1.0645905918802168,-0.9659188933442661,0.3546446156907682,1.5269499697533593,-0.014041129856214045,0.17063664994711564,0.6145967863389895,-2.0608861477067615,0.0576930049181974,0.36706833526606564,-1.2485531375755525,1.0526092637317328,-0.4448457056015415,0.4141472759373662,1
-0.04095583307952286,-1.395162823983176,1.6139331881942514,-0.3067150605902954,-1.3215092888968092,-0.21717762818715244,1.1005956497719138,-2.792398039322597,0.3878287337880336,-1.3342921206412468,0.9055491472722003,0.805152797077989,-0.7580518430756007,1.4980332539011136,-0.09898726825334807,0.3385988479859383,1
0.22338730744797844,-1.0799975045368957,1.0456277998227417,0.7182394660228907,-1.915874867575227,0.010311203259916614,-0.43896624083909197,1.3214050659977779,-0.9347224657460604,-0.7482245266744811,0.7589145411752565,0.19630629617381717,0.3251327207553153,0.4627444734646317,1.6422588886572085,-0.7303382940571437,1
1.4670133474926108,-0.7746170088984807,0.6018234172403985,-0.9378238579200963,0.20678376588651953,0.6627458282186454,-0.42601492149979836,-0.4995867824850085,-0.2314371461661861,-0.566392899986999,-1.0117602178671814,-0.1456392422916638,-0.12505132643676214,1.5263004070349988,-1.2509922142623937,-0.2836691644567924,0
0.0071316093959502246,0.15887629967958933,-1.5531816341752043,0.8954585454700301,-0.1314549954477829,0.5336569072924917,-0.9345180445769241,-2.2786425424561125,-1.5189444577856988,-0.6325945622560878,0.4120602859898629,-0.26004272933358835,0.2895254311253274,0.8241189253676082,0.08062566189797271,0.39719186036304976,1
-0.2904389762801243,-1.8268739232015543,-0.20967217162129448,0.7199255360535658,-0.6067806974909079,-0.7338312340383996,-0.13188079639096412,0.563719862515446,-1.5097161208507046,1.2975562760016468,-0.5920855405098115,0.26764519467087367,0.6830020880168806,-0.32534143755001016,-0.7713694735040607,0.2177603226965987,0
-1.6578652239184906,1.0036841858934054,-0.0001307321830895572,-0.4853575496620702,1.712470485740068,-0.22711423917296328,-0.6339993253871055,-1.299078796919629,1.4186411660087463,0.3237043580416281,-0.3645804832262155,0.5872441022726788,1.367417945462011,-0.5062434692925324,-0.7542991049938301,-0.5389598890700977,0
-1.2468633340354434,-1.256970366505425,1.7291352302929857,-0.4869579181213203,-0.31937094450866993,2.2825156219076437,0.061117969393394374,0.5477910170122919,-0.012639753834961982,1.2626362311763484,0.8214590911242741,-1.0447157578809692,-0.05666426720206867,1.2152757199298045,0.2007372575417641,-0.9197072478651723,1
1.488929137391083,0.008611952028790256,2.417666643117784,-0.7233288114089046,0.08291089580033185,0.880037947593774,-1.0202377477371738,-0.9905363688343845,0.17639443673903935,-0.09748237321172995,-0.75967403425212,0.634439210805551,-0.25685263215942783,0.18648135324038467,-0.9403331704313315,0.3796486037034156,1
-0.04166018347293967,-1.1780160482569395,0.6380987041190395,-0.3578739090548884,-0.43038363036900174,-0.3252839932975099,1.4417266418783503,-2.4524635508105446,0.1127617344264023,0.21252019356664545,-1.22510032895582,0.23778873082524069,-0.9937882044089495,-0.8600625029685369,0.5894223811092334,1.1164477320394075,1
-1.2352809571409857,-1.052922444732567,-0.1914337733976225,-0.08310221002855996,0.5479094016821952,0.24290401991409863,-0.7230335141317819,0.6617012514659019,0.1648559588654276,-1.3853264169782658,-0.5311930181798912,-0.8279902263659562,0.6414104485530513,0.2927934563080792,1.3884338515456276,-1.3013496831546105,0
0.10316496215686459,-1.0895492119901997,-2.4226639455680656,-0.5665679534796856,-0.4704211168095924,1.0581990486050963,-0.08807502278856778,-0.2909592764931288,1.8939323802001073,0.5476009701149006,0.5086709237144392,1.3989080989033513,-0.4788273365830721,-0.40545863395800813,-1.077764916055101,0.9991335519101233,0
-0.5460894529329304,-1.0935769294831392,0.414322851846523,0.7890809467713794,0.553978861112604,0.10764328986218119,0.36433335408121487,-0.3234400713008543,-1.4967736070603046,0.9782820737492657,0.07570310755199823,-0.16381593939962474,-0.08260917014516413,2.2668697675343146,0.680372316374333,1.7830860380547309,1
-1.2867780725211715,-1.4140780436856215,0.4863290441582306,0.48437730471875307,2.2444902744092503,1.033683625516584,-0.07317608834638273,0.033233869798736965,0.13040513136346363,-0.39529892725946236,0.11035371218285052,-0.29355919939318964,-0.1484713610552926,-1.4056422341991561,-0.6774299001831495,-0.9410702760063762,1
0.5798212064201992,0.6004554216187619,-0.333301543253109,-1.0900249624650058,-1.4929786914529606,-3.2893447823736834,0.30348629290802837,-0.9256327339170933,-0.6465025590086948,1.0351293275102074,-0.11499020707506373,-0.4778607542450011,-0.04640094434020249,0.2745412167278449,-0.28740622843997327,0.6980185076883365,0
-0.9406074467915184,-0.13830914179159612,-1.3671331236213626,-1.535486646770092,0.48806335038776366,1.3713105061731468,-1.0122351890823504,-0.044837906127773074,2.4504347603089203,0.7134577648205475,2.2777841781483676,0.8117146626544486,0.10196466900265098,-0.8537475604119689,-0.846614191682071,1.1401810664941012,1
-0.554493445536828,1.0128718332530713,-1.8042508735682201,0.9708821844587061,1.1211544079718234,1.4868358425511572,1.3770359322626975,-0.8576544436256175,-0.23159559604178856,0.15732228282998356,-1.0206570564748814,-1.8501000407107868,-0.0655639474660501,-0.7389411589725311,-0.9972895777204984,-0.5830337317746213,0
0.7394192365664014,-1.7770892450429492,0.9363548336834827,-1.0696051488041758,0.35361207474724454,-0.7147811032347815,-2.189086334576946,1.4907735432105507,-0.7700484864684042,0.1856323245263177,1.4468950234721767,-0.9659659504795718,0.5125939930648818,-1.2936820223227479,-0.8139578628644354,0.27433578277317716,0
0.8518952699497172,0.2718532847550654,-0.0717594502109019,0.2103039167040036,-1.0233324937592665,-1.8343440676166878,0.31316429625199443,-1.9431912046197968,0.6025930357467524,-0.5614500094310318,0.8199684511583145,1.085554583573766,0.2670977997824122,0.36647071285285937,0.5202434139127953,-1.1639237875509605,0
0.5455393912338099,-1.5490557381733383,-0.1020239020673853,-1.1618272655815567,1.1965859442932365,1.6860044873759539,-0.23474023604135943,0.8664345377795943,-1.2256485020533292,1.1022472350788894,-0.5969873765932237,-0.26250427060841763,-0.9989684161003762,0.6677105947762784,0.8890998628989811,-0.8530813152847798,0
-0.7749512154631213,-0.008020213586722974,0.3917828135305201,-0.321092778700809,-0.13110332708165603,0.14544759423867717,0.291252052355662,-0.9606231415948376,0.4885617122214595,1.109237895905037,-0.03617773831076948,0.8884619095292874,1.3523883539901358,-1.086870605219982,0.16289816865546464,-1.6959146400755971,0
0.31814161792709944,0.841331614665866,-0.4149311591824503,-0.23224898942749164,1.1302423348847515,-1.2730330507972663,0.27552957075137713,1.7242703223355804,0.1711809580839116,-0.8259309000846334,-0.9624596442319395,-0.18924659315935677,1.0528550968542516,0.8821909550404345,0.5062594694993652,1.2640956859748507,1
-0.8384082313855887,-0.8229030865626662,0.9667052288285747,-1.1379296407569777,0.6092822915735113,0.48624520704440766,0.4928053339992627,-1.887152148711989,1.82098161585623,-0.5173973088228784,-1.055089392334259,-0.5788784974668921,1.9620158368822522,0.2115882602017155,1.5999356728777852,0.03773327794307854,1
0.39872846430278863,0.5747492906235299,-0.3007861304147149,1.9393569772648003,-1.755336061351957,-0.14821875007590443,1.6880945955167488,0.3145194568440905,0.5853533861416592,0.5106486771159103,1.7808614964961857,-1.1543428398039244,0.3801553717529628,2.3863512534922493,-1.4028856949453623,0.21006132097001917,0
-0.21625272489416167,0.602964458150742,0.6942878478858809,-0.5098729217241469,-0.6477607196114976,-1.6456208628534574,1.2915788628021636,0.48099756976333574,-0.012406112027977893,2.4758726704963343,0.18525087940950163,-0.19947237825672115,0.8727411551354168,-0.8568318783595786,-0.4997863267008423,-1.4979976346050856,1
-0.03966038733179909,-0.21976667364769964,0.2741657234341706,-1.305096332455506,-0.22368563444017328,1.4791237213803303,0.9462979521530281,-0.5577393890827755,1.3805087641622031,0.9146456106522507,0.5903387986388177,-0.05758662401350075,2.0653182191552855,0.20760250891403992,-0.3075694633222352,0.20285880897594663,1
0.18695532904405943,1.95898225697431,-1.7381881268389092,1.0818585760688515,-1.4919353354541738,-0.46673928290774197,0.09590713510531698,-1.798074739490588,0.7348484629049392,-0.12392430407287752,-0.852573758286162,-0.7487703269591184,-1.8979483829202943,-1.3359779998205294,0.00908947349574798,-0.224117418300195,1
-0.9053768370162036,1.224524260549259,0.2526855973342116,1.8813663471412485,-0.688659256211257,-1.488194302371342,1.4144724506753836,-1.513665772739133,-0.12475813035448717,-0.6422704764472674,1.3626881396431183,1.0283972977659308,0.34779399926948623,0.44431064294850403,-1.1107177995990314,-0.6337634883091847,1
-0.19262511006056157,-0.12080449895495818,0.321463192542009,0.3159579810686542,-0.7117337626232156,0.1563025373932776,-0.3767131792098817,0.9908344536920969,1.2573378070547538,0.49242269280667317,-0.700696422797388,0.874736497938735,0.6610032006985677,-0.21599677437402173,0.32796408389318044,-1.0986791079110443,1
1.007923598257605,0.21118601442259657,-0.4061972960973408,-2.1114382772903015,0.22248213249204182,-2.603768544922201,1.239861783760467,-0.5851051511473435,0.6166626442157737,0.22365923607711108,1.076556624197863,-0.21320402600452987,-2.14205386532364,0.83569120540787,0.5526445405501663,0.04831972382152709,0
-0.5462884215757731,0.8904776198827358,-1.3293424769629176,0.7524776229827389,-1.2903737514495397,0.4210788661360885,0.3772796836693453,-0.3078396163081209,-1.4018781412716317,0.15957739129283657,-0.235707616969908,-0.5074525736984297,0.264143169156285,-0.687003756321817,0.45682464982432763,-1.3192270540164197,0
0.9736112328553229,0.4495362975155573,-2.064533985096431,-1.076682928916182,-2.099560120013224,0.7726019657080025,0.3137938966346169,-0.3535603772678514,-0.5217800581209193,-1.2085979531471123,1.0808041326419446,0.6025539645554885,-0.42666453393982134,2.0072092940623882,0.8486911714221518,-0.903499302213587,0
1.1830741533243037,0.6242403394765687,-1.137197601960546,-0.12090229980908127,0.8352052447122202,1.7767045749374497,1.5669196328302315,2.6881412056391585,-0.6989460320022993,2.1091855875354844,-2.5543021243057473,2.2793257482866784,-1.5576483832936903,-0.23596674781465585,-1.4029187116977266,0.6501547657683338,1
2.10429074590571,0.30749168153496065,-0.009867803240936442,-0.03249085132949301,1.1461251989775982,1.1181430775365386,-0.060385601642283196,0.5018658630255037,1.5129939628133653,0.746287197576401,-0.15855245909658308,0.3705773394155181,0.7056487787521066,-0.03846936485541053,2.4839094297323636,2.497539845627318,1
-0.1411962388485187,0.24344438628557644,-0.47629329627841904,0.618978293275749,-0.13315027392299283,-1.2240403360004974,0.9451664506719337,-0.37934977843310785,-0.010527848274592567,0.7770235371798123,-1.5942172053091723,-0.2744744990804979,-1.5048294235521715,0.8613891600338367,-0.6257774118524159,-1.0133672966245473,0
0.1997669024998254,0.5185455799520883,-1.2399360981043495,1.4819981197860257,-0.7726070947532006,1.5568662899681114,-1.2251821719315987,0.5687880622510778,-1.210444304334174,-0.06902444198359979,-0.45066258349874944,-1.25178874210918,0.21016192133855702,0.17711736067404826,0.5683511283844196,0.227351469762877,1
-0.4450960258637123,0.6880948335028417,1.9510031309868139,0.37125022330635615,-1.3472680868468174,2.5785610020334686,0.7051833766378262,-0.645382462534334,1.5364949759354294,-0.4389462406633555,0.6014213941048981,0.572611993001363,-1.229920667049009,-0.8761729516651673,-1.3320492761070277,-0.981801177403217,0
-0.4310010686650444,-0.3003768712039958,-0.6364873514385769,-0.4289407929939961,0.21467381731146942,-0.4409183576237593,0.3291741309200064,-1.2291865355069602,-0.11741673412649377,0.8440957186417063,1.0590490760329523,-0.11843817422414597,-1.0113106818337279,-2.343740084718695,0.538404390173314,-0.7861125383230568,1
0.3307684456851657,0.3374540323096926,1.918788014336357,0.6847866881228205,0.3187322423364365,1.7970861317243858,-1.5864474170728553,0.3289546863893284,-0.003894759768257502,-0.11283921397003731,-0.3104598461093588,0.9135117490661054,0.8383177408143673,-0.43838197179629074,-1.9149984432111449,-0.5178987738975734,0
-0.1143993958886211,1.1209836644088391,-0.05603508772331764,1.1606064398869538,-0.231523566909345,-0.021688333170600444,1.026116137316377,-1.013218089052963,-0.5204270052956638,0.516105105127479,-0.5324338521430222,0.9111171994860228,0.4710649542044071,0.26402110940769313,-1.0462686508783257,-0.24022451141312706,0
0.17366268742526256,-0.6355651785871481,-0.49410416471069324,0.2301813105256985,1.1629306808030633,0.8459469277206467,-1.4762777935803386,-1.2479015825091382,0.35913900752987576,1.61478315988065,0.12463348936837594,-0.052438798654629255,1.0000816817344969,-1.0560948364329872,1.123508125104281,-1.0467355687591542,0
0.1742572544034665,0.4214913188474509,-0.1019546138094557,1.3334397542070828,-1.4008542056576971,-1.4327472725863997,1.8450866255708767,0.13313095354752325,-1.790587764303564,-1.5260638245558993,-0.9321868306360797,-0.37779943293340285,-1.342683850167618,-1.6047194830489362,-0.8848152220639305,0.7619373872458552,0
1.5420862282790424,1.131172698473177,-1.0389245213966527,0.5863965252099697,0.06465457973273346,-0.9618179324788687,-0.37855289937274245,2.218133706613642,0.34540884150151785,-0.08856158807687685,-0.7637036552415567,0.4022408538673339,0.39837067431964357,-1.3208245817052777,0.14829930414270917,0.7669029538396309,0
1.1963689630174665,0.15207948804064317,-1.1428841832508836,-1.8428693692493632,0.6629056652084122,0.4154521471094385,-0.6971440208286113,0.3939648578844367,1.6384910448724643,-1.698690413329822,-0.2047919061953579,0.2739320919914732,2.2879598417973273,0.467030417307458,0.274302355376023,-1.498843083230065,0
-0.9978463908511146,1.1367296431173712,-0.8612406539269579,-0.3676569105582311,-0.4780215091470784,-0.7606391540555535,-0.03745853193122206,-0.02553662587718705,1.016256303512877,-0.8166733067868435,0.2983527784280813,-1.875323236221957,-0.8575961408202019,0.2991346589615512,0.5591847979759872,-1.8457772705403752,1
0.39956970360662053,0.834811415356379,-0.24042382570197968,-0.6589767881253673,-0.03626938315287224,1.6519031203647097,-1.374391830692114,1.846489655396881,-1.3965769780630022,-1.9699788297268446,-0.6988327878776392,-0.896956361313551,0.6985312570644254,-0.06203559642032428,0.907197545307408,0.04827420644494995,0
-0.013307142285519557,-1.3633139263488334,0.063125056825326,-0.26369110553939124,2.6654576103879197,0.09826514259065308,1.0642978411089918,-0.9826254755338436,0.6770820387021858,2.1492554304981755,1.6698710995173864,0.18906745587148185,0.31067787781530065,-0.19683606673500126,-0.4737095389291042,1.0904721116090543,0
1.8487148049954878,-0.11309651723733938,-1.4460123166845438,0.5045678790307938,-1.1015908079829335,-0.049661741279090184,-1.0686749777608406,0.18614448730273675,1.0832841496556023,-0.19343546123493324,-1.6987488009288016,-0.6418432451748286,1.5259867319284095,-2.1828132886307925,-0.21213224090805907,-0.5603894640451655,1
-1.2294064660500148,-0.888867636953193,-1.1795069633000173,-0.25245083744582686,-1.4804999976883215,0.5153186138644237,-1.593757870896574,-0.2100224360748102,0.6143916125358256,0.8577593278758473,-0.451725633302799,-1.3701944453387247,-0.9500408695267795,-1.118373941509657,1.1214227509666297,1.1932645970344622,0
1.2482613765373076,-1.6726924004619805,0.33498117861616944,-0.1715614181573772,1.5606006731116313,-0.30287700948575635,0.43012493084052356,-1.1255676084420312,0.5894128738606672,-1.036737030701318,1.43055029540257,-0.9795542605223302,-0.6040236901969812,-0.1965544083097183,1.4351048769207766,-0.13093124640562737,0
-0.5760047751075306,2.1771797206131445,-2.8223551900135275,2.215395759908791,-0.547281555544225,2.911520125683722,0.026812644712588964,-0.0733722733069504,-0.6610511122353919,0.23060429125758203,-1.4049505271148963,0.11803568847157496,-2.1554974414111476,-0.0721669750744405,-1.5819266174721,0.6350270768362948,1
1.1691006144009217,-0.1944497567731066,0.7575382209202522,-0.30190670361056143,0.23944900975000402,-0.36376318766020393,-0.08093473360255257,1.0534655892320621,-0.3390262676801008,-0.6239815719731974,0.8166788677021581,0.6945836007433727,1.2278483163949658,-0.21395106335611436,-1.4985189954461,0.5341613728699508,1
1.1037874356871604,0.7068735732219105,0.2781293372471023,-0.363693366456184,0.5841107193175831,-0.5111544806351694,-0.33215100523984975,0.8636990326259869,0.30534431745617635,-0.5799465622137991,-0.010381622281865762,-0.11532944432790096,-0.8818831261184681,-1.2936630265175841,-1.1107278462080403,-0.34533935469446375,1
0.21634421527576567,0.06535561963288394,-0.34478701733840517,-1.2809276494677007,0.18461749605217384,-0.472073464078443,-0.7763307103254082,-1.3494383137317774,-0.03231400004276237,-0.3147217415027522,-1.444535646210795,-0.40081070949239844,0.26680064729234293,-0.19085422687263537,2.3594753068798457,1.71906235292333,1
-0.2719881219703084,-0.24957028617563867,-0.8161230452936685,0.5737859357543162,1.6845453106453472,0.7850797980992106,-0.3361180139907903,0.1324175721681932,0.04250568165404143,0.927586989464087,0.6038001104417355,-0.2877705691328549,-0.028834045467180946,-0.7804206096104291,0.8215459140368874,-0.43114210561565103,1
-1.2537952138082689,0.7046399552439162,0.8206589705421565,-0.46417275206186087,-0.7003355284543515,0.6671036104810721,0.7147152565956615,0.20674612178332777,0.12721018935211464,0.8109196955517024,1.0273380561192664,-2.715475019972346,-1.3271352086518,0.693708141242216,-1.415266271994619,-1.8948437762000012,0
0.3949641916394315,-0.3777444279786644,-0.8712802444233528,-1.9151136520557286,1.4851081479810389,-0.8964934457674426,0.06006365489237704,0.3673666982599422,-0.07550675869963816,-0.293857461337351,1.2149898177049123,2.2829747865443974,0.5805149348848208,-0.8446188487126224,-0.03695879485675034,0.07875942374972711,0
-0.4844258194774312,-1.203155230312194,0.7407170150411666,0.09894159871490074,-0.5491569288426417,0.6202064029521883,1.0060104125219558,-0.24355131213951886,-0.07009459902570261,0.30748633760564525,-0.5104601996897487,1.7264888853946132,-0.5354108782914322,1.1950830524383076,1.0230045571018587,-0.5037654714812406,1
-0.7774963810863122,-1.1249529296058633,-0.03818524607210544,-0.965122555748104,0.13932877669392468,0.41231138530846634,-2.3446318614185837,-0.16112085782000227,0.9034206197934158,-1.1821345030107981,0.6208638796072078,1.7098974219486605,-2.784969224089289,1.4748296506168932,-0.8039769321568374,0.029112375482952382,0
0.38813628117120014,2.1368720752481254,-0.21853987787919044,1.1238272012716464,1.2883901737416799,0.11856548711624836,-1.9981419313678217,0.40200345772400303,1.531904273758202,1.9541504733916635,1.1787089185904602,-1.6422065627781928,-0.47370026486460476,2.162981913454443,0.3319576289017473,0.6171665449088714,0
-1.7312733381294878,0.2030363108244345,-0.200528381919211,-0.5691573614960436,-0.7940226065844076,0.8901964241783632,-1.739012423689875,-0.3295345302317241,-0.4819792488669665,-1.0460752057995935,0.5640817931283145,0.49695838913091983,1.0399192054366604,0.0839771801733577,1.0865514226533786,-0.6121636014776418,0
-0.047637487119581545,0.31481178230675116,-0.031658017945694596,0.18769150201832238,-0.3071870853347353,0.2509619067149581,-1.2332517690853866,-1.1902896404691348,1.6652698196493458,1.4470039297998394,-1.1610035097635998,-0.2070600820279798,-0.7408389272212691,0.2830040147756812,-0.24798596403120476,1.1152790812311104,1
0.6499153158119267,0.07213724111754595,0.653483675336092,-0.4680163551938141,-0.022182820912835043,-0.7736387419246564,0.7934143003522068,0.053897529339939666,0.24662083684599356,-0.17412477526643674,0.37290481286477206,0.25942649709050486,-0.8808146751099187,-0.6549844640092757,-1.6958905948298983,-1.6691942550282761,1
-0.10330672706522022,-0.6716362113293507,1.172554412061317,-0.11987416883408834,-0.3144708680173143,-0.14725844185423265,-0.5809636211664174,0.21417378632920736,-2.1678724898024453,-0.018858040743558735,-1.0735269662083828,1.1263555454001342,0.5609638476727346,-0.27042281171604077,-0.11036041093561944,0.8463818729920142,0
-0.2796746925196543,0.007033104718859506,-0.4206858447768907,1.029911343930076,0.2132653665229976,0.0758385661001854,-0.3834744766390765,0.3622875770794206,-1.205042638687531,1.3669834635534521,0.20617716434776165,0.21022747150634702,0.32542269733893264,0.8169430743097424,1.4645905556858656,1.4727734202152771,0
0.2881770734668324,-0.01330413716162578,0.7496588573394323,1.6083282632016134,-0.6610562462020891,0.32072053165016734,-0.46948288634106466,-1.5989480788030788,-0.3617422422864475,0.6838704987908915,-0.5717829296745155,-0.16686073537259288,0.692680665167413,0.7624406018865589,-0.7784855413543192,-1.168678883939363,1
0.9004117682479876,-0.8629832940931106,-0.905922569734816,-0.18314068679478973,-1.3012355702051084,0.015449970652424889,0.113151538769474,0.5163670195671342,-0.07527194433197872,1.3664733975419836,-1.2261015021888781,-1.580624479473312,-1.1175848854645258,1.1647171518039972,1.1708210958571628,1.7153284091255836,1
0.6291222276290813,-1.0541224402187708,1.0194075058672938,-0.5405021724476116,-1.3039711505595797,0.7733981645312976,0.7378682494029509,-0.41253686239312476,-1.4142971792341914,-1.1941732413324209,0.560400754269452,-1.5825807740602087,0.7753605695208747,-0.33491719080327975,-1.399037490133433,-2.021720497420654,0
-0.9704741210472471,-0.628842539619189,-0.005385531763960152,-0.7346742762465913,-0.5963343299440113,1.0554366832880357,-1.2799482598074483,-1.1770369239238907,2.3203925246795394,0.8573397592358817,-0.7143901604748252,-1.871085206635752,0.8349447019446286,-1.9253352517227227,0.6165930863685665,-0.5894366316744997,0
0.44656320100147834,-1.6033474137056016,-1.0775047639759117,0.17675891041112812,0.233851674089971,-0.9596815171899948,0.3780718296624479,-1.5303596498384433,-0.436313082643056,1.1841884512112473,-1.087121875953757,1.1907086885765998,-0.08465621148385506,0.10141470581071786,-0.017802399811788404,0.4445759250623741,0
2.508834943173455,-0.4955672421458579,-0.6163172599008073,0.1715668732663107,0.35931293826610194,0.9639781404769688,-0.6170763490251548,0.34823951332455527,0.453843888623821,-0.007251173299443175,0.044965749604676336,-1.6537065397039632,-0.9752051815642577,-0.854921688245356,1.6066172653064017,0.7874168709093661,1
-0.3600309593007066,0.847294532069068,0.8566048642697557,1.112770685230242,1.2652443730148046,0.46161503874329696,-0.49209526946842563,0.5574973277079248,-0.9482174985538362,-0.28328928584999497,-0.636373538384572,0.30978318379860326,-2.2951312460031073,0.47021386319594943,-0.3059381642088659,-0.23701006485892218,0
0.4671899144320492,-1.6123704926008449,0.04243364148200869,-0.9739771203368015,-0.28677165546581,-0.6753089007939681,-0.07591762953238117,-0.09323130297301245,2.023631336878779,-0.9769184927225624,2.031991524318788,-1.2711392334690594,-1.9422027208260153,-0.5311175592744541,-1.079477302982813,1.2486963206578685,0
0.3278517099669846,-0.7156397876543231,0.8648030390384963,0.5512775286461044,-0.07348807410410946,0.08183809238266805,-1.3830322311571472,-1.1717074003808754,0.7564455095795036,1.2199716116925992,0.8217359839604199,0.946123559612396,0.33299497072718265,1.1636004397093167,-1.2107100744241939,2.7001096601627044,0
1.3662746631738996,0.27147857627351746,-0.4494296934831383,0.2613638647621606,-0.5057097659141865,0.8643314584405842,-0.6519920666765638,0.9903996783988931,-0.47523036205888747,0.40154210647997907,0.9300105422236689,1.4814088927722437,0.6001356819151114,-0.20469540689371205,-0.3752923982405705,1.4141596274661405,0
0.10423324203137047,0.04225789795584246,1.4487382070140455,-0.7188715809294246,-1.0763239628169359,0.42675248320123527,0.09572298175633252,0.45210453780338494,1.2311517477022438,0.13049386099437726,0.12806790615868058,0.1971542195322508,0.07081300599260063,0.26009110208329883,-1.4392444735834087,-0.918496350893173,0
-0.8599038329730879,-0.879927612252075,0.2563682964846704,0.6361162868540996,0.5121928246822284,-0.24214175810924776,-1.0307454032697323,-0.9749067702317904,0.7966281439949653,1.5038918164162947,1.8842433382271464,-0.9287086916495644,-0.3857005152640423,-0.8150295003556679,0.13819401262555195,-0.4893455920785359,0
-0.1340219106788667,-0.5483057989642927,-2.0825668922063367,0.44081533102726084,0.9888992697917469,-0.8403533418319192,-0.2481518296055586,-0.30136941760037245,1.1681169790471349,0.4822954670643537,-2.2105734609292846,0.2693539455305357,0.07268500651488946,0.586160670522601,-1.2391187659366085,0.1704659992468785,1
0.511821823083585,-0.10868994284235103,2.2233486549146866,1.7756247145839694,-1.6717035938953357,-0.6283131928342395,1.1744450659888968,-0.13681350964539513,-0.6153111293103487,0.8518708152194685,-0.5943123343859051,0.3081867124484104,-0.6707315534261378,0.09827370344130915,-1.1236704889277092,-0.2346032842210036,0
1.2286652243635419,0.3151084435866085,0.5576576218527849,0.8226534243695572,1.889593635041073,-0.38694574756345446,-0.48358882793367025,-2.0850660140459305,-1.5672023981350223,-0.6967779514534478,2.6276816096405082,1.4552791232961595,-1.1657661670855421,1.4125787967936734,-0.014010147911678336,0.5154462984535844,0
2.697370134890507,0.5096634382165262,-0.12975771100209094,-1.0205027290727289,0.7134126102052658,0.6486309399314245,0.15418528215569274,2.259648618367309,-0.21708772864463785,0.5045973462741795,0.9704142417863592,0.2300461697722244,1.032300702010632,0.6027567044992796,0.32826808830006526,-0.5226733192754929,0
1.3973793493570765,0.1418362887317116,0.531318087088203,-0.5216706463368507,-1.7506978691153006,0.6163642225121372,-0.5105605233711545,1.9246606097392358,-0.569042141590459,0.3515313889847917,0.47466103626713524,-0.8648372088759045,-0.17951925051403625,0.7101419471376504,-0.380597656020839,-0.5293864902464571,1
-1.0566833988218989,1.1992047863424418,0.2992510260117696,-0.6000140238338282,-1.4532062115222464,-0.40754016493703304,1.652574940315474,0.04947251187742441,-0.07203852517870081,-0.33514175224041615,0.5677630688525529,-0.8957922253747943,-0.3991078460748225,2.4895674354521153,-0.3739568199376266,-1.0952389147811221,1
-1.2817500579842833,-0.1728779571823361,-0.18383472713490975,-0.9906691720067067,-0.4338427831185976,-1.3950990878228466,0.019638141815337143,-0.16205522064694533,-0.002927400617006367,1.5642855842432901,0.7655006366072324,-0.8209930136700846,-0.6995884173996897,-1.1889944991257582,0.6875392971320272,-0.5300312974513316,0
-1.2718042573290949,-0.5903650076247925,0.9625293142452902,-0.23677743520729272,-1.0561220206782045,-0.6624815477167805,1.4339054255231471,-1.0744908144668779,-0.9062810484488732,-0.4801593924294709,-2.0802684672976546,-0.3246605865249801,-0.24000772999642253,-0.04810724953329811,-1.1994690633050071,0.041792398058880555,0
1.2171556502346252,0.696337739417864,-0.8819290807797575,1.9437603080755916,-2.118701838629937,0.4995468253170826,-2.5265676600837983,-0.22347684831888082,0.7555362689422395,-0.9923500334820587,-0.929561900411173,0.2803949897206242,1.4919145918401502,-0.6994936136322952,-0.5391251614251084,-0.12497598447181629,1
0.45053272248042264,-0.39151456531005124,0.22932709973112522,-0.9553928144282433,0.7901811494007623,1.4814469639819725,-0.5713549666490969,-0.5847106144452888,0.18050645726848677,-0.36754727272016274,-0.6125798438373401,-0.9920518181866483,0.042670124372345235,-0.12732791811286237,1.287632392919247,0.08114052560731405,1
-0.19446714022785083,-0.26714968846145787,-1.8977917318844175,-0.4748751906893166,-0.3652127513077806,0.8983796580383744,-0.16399591685355833,1.4697614207976666,-1.5191611570651233,-0.6025301656284697,1.5990552065646164,2.394231207984186,-1.6989658946799486,0.06809449200635577,0.4960599669271892,0.7912453937222897,0
-0.02353244299523177,0.35581377190325064,-2.487055434020922,3.3001639947767063,0.13970988372083834,-0.3639713618804833,0.5464138035792251,-0.7353644542270072,-1.0796807476091115,-0.6621137434295328,-0.28395692643251347,0.47681722583993524,-2.10168369225712,-0.26652521295306153,-0.8124194752593815,0.7225965298383057,0
-2.341123356970227,-1.5600314154828117,-0.299774531051353,1.3236350097550054,0.5712322198582143,-0.2931756679669511,-0.828353567389691,-0.9492234530388649,0.8264095953228606,-0.15004275598324385,-0.7032735067362874,1.30553634775714,-0.9299210764484811,-0.4731338956193046,0.07396828911660261,0.7691569422703342,1
0.0937922385345717,-1.2015147923727252,0.26085604928281336,2.5369539652855444,1.456715107134218,0.328142184074063,-0.0033789218155253066,-0.8710090613161291,0.0731859086303612,0.3306768606113995,-1.19862571248539,-0.6134944067942415,-0.10009448577970598,-0.7218279370254069,1.6536502091042644,-0.13164335782689815,1
0.16454266723038252,0.5643146195942907,0.21820048693552638,-0.27126696171487624,1.664651899371164,0.9967225889439096,-0.22031320267335386,1.423867716775844,1.5041704992108467,-0.7030883307402229,0.27841855165843116,1.218874486416163,0.0029080095443577295,-0.5533742886728417,-0.7534433540426337,-0.5383757862682571,0
-0.8355353168526202,-0.23738422734230752,-1.0058747455101578,-0.9342378368497944,-0.33584122892158785,2.4622583126486224,0.0490724324286139,0.569894945888411,-1.10910874439677,1.4071466173910159,0.006037601326917496,0.2572919651062682,-0.07320047568595096,0.37286857624922737,-1.2197459043985013,-0.27912688263450885,1
0.5932020497876267,0.29273759271745264,1.067221003911058,-0.6747932511838884,-0.24708137758379653,-1.2888602267879792,0.9669444287627571,-0.9397629015415402,0.4018352672817711,-1.4997824434009772,1.4299837966091626,-0.2508504596965363,-0.10057335000104983,-0.454509385251452,1.1394330551712364,1.0223346611512303,0
0.46794664925876134,0.9196787059941984,1.0596180140519915,0.05095464047721104,-1.158034399289427,-0.720248392106266,-0.21655596482862555,-0.2733815559398844,-0.14572167041965892,1.0599596844980348,0.11870275540519404,1.9547735454183224,-0.25359628559761943,-1.4948414063079738,-1.445034941282837,-1.118330491081192,1
-0.8178302502737331,2.4559858532247536,-0.833481364457243,-0.1992630235234203,0.03596864391987443,0.043740578946129496,0.9897604006681837,0.5065502640331003,-1.0597809201402841,1.3235225724086759,-1.1280339830065422,1.5578070903681,-0.3327890931488933,-0.27699202753849644,0.7523458732125302,0.380783229551682,1
-0.47463562898723755,0.6823883839785148,-0.7151977823974354,-1.4390122583555567,-0.1256369050252271,-0.43341418060377596,-0.3202749807557111,0.5644993127439485,1.236560292779085,-3.1241589507804997,0.5488481371822187,0.5872228377145304,-1.078378300709493,-0.03681042682644148,0.39622219930711655,-1.2922529795863231,1
-0.4515908039747603,0.18484327122202654,0.2324378109619649,0.26190937267152353,-2.6328320106669385,-0.08843104582152705,-0.5125625466455782,-0.9529113957044871,0.6020785077409628,1.0095691920334342,0.22778824997044514,-0.039224892155565384,0.08473291949224192,0.29912801839313896,-0.591176431758086,-0.15454706941782256,1
0.7142113877356419,-1.215523738975102,1.0480074141980895,0.4110141957842102,1.5485951681199197,-0.2090495637565928,0.740570461095588,-1.420310250537533,-0.6495791347953352,0.11559142771395423,-0.125453056715699,1.0477676172901624,0.8746094218645863,0.25982935530076395,0.7175833949574373,-0.1458874689172479,0
-0.285386869482676,-0.10236299152801936,-0.3238043716541803,0.5059874566019934,-0.016828961672895205,0.18821307559639938,-1.9459037740780765,3.1296384236011234,-0.9622756443641539,-1.8356066548385221,0.5946162406956828,0.12773500529201243,-1.1179915058381606,1.912529171583536,-1.5674348659454622,0.4636715821647758,1
1.462874417840345,-0.31723208956282783,-0.5336874653392266,-0.27550624812725943,0.47971001375030986,0.15626544040401,0.712811082405221,-0.4944894802288026,-1.1889899385532223,0.12096800323707059,1.9982453063064676,0.018754466783402965,0.763118379351452,-0.03707720782880625,1.7641746336542632,0.8662205677765769,1
-1.3945627686429622,-1.2976524725207623,0.5361879570791213,-0.2795217894252934,-0.3825132238155371,-0.5610791202209545,1.5556877735917432,1.1838427015109032,0.4751916286966063,0.6398386347611306,-1.2780137836783105,0.23760914495889401,0.3844985017049695,0.9853717394585941,-0.1728891255142611,0.10796729298398947,1
-0.11315193429948801,-0.46041603682400867,-0.3058190950122687,-1.100457688866243,0.2813459842057084,-1.6466441816210358,-2.0537430231000364,0.5720810039881215,0.7264576774727474,-1.002073208283659,-0.1696128353368304,-1.3898256497114938,-1.0217274705998443,1.2737976335817898,-0.01101826686302709,0.1436993668602671,1
0.061893787157587095,-0.8648143055461786,-1.7342519979783233,-0.023680074246070645,-1.1882067922448083,0.016694581635558464,1.2271837139915787,-0.6245474686540483,-0.23919887070293971,-1.8945634780771168,-0.6653950118451043,-0.005543824346124681,0.09164066667591367,-0.4925076046688906,-0.47210618120409004,-2.25874996673116,0
-0.440907145796659,1.0048848750080763,-0.6897554075843497,-0.7901294842189783,-0.41788952189261747,0.03438674373722768,0.3178936514655777,-1.3301533699651185,1.403571906150551,1.3269049083850983,-0.2871262614353593,-0.07992916328643439,0.07408293230848804,-0.14463186603484915,1.2364877196763129,-1.5592821728470025,0
0.2505114019888329,-0.7014325542414107,0.2372055227609412,-0.5917401339293507,0.34437207908456724,-0.30040023255445825,1.5622563661755635,-0.8930299545929885,-0.2640525518063753,-0.5187212339134695,0.7415450704250292,-1.3957392017775705,0.9701944681094795,0.1089775735224426,0.6246778370829859,0.9726509152225261,0
-0.7112280542644998,1.0369345025818975,-0.0718280190158051,-0.20191416661532938,-1.4138888934129725,2.4588350264462737,-1.3205652862946788,-0.6903008781251656,-0.031380671016051714,-0.24947945560008092,-0.6948792954684212,-0.34084652757544237,0.500754420504065,-0.2679637088653383,0.9886184617542374,1.3551460901047168,0
-0.812730949840037,1.2269512945239553,0.9891674384007755,-0.1890814946714165,-0.4767322566802334,1.3125477292384828,0.6105955680278419,-1.0216832157909506,1.136303242063718,-0.4868057480979188,-0.5254201652569969,1.351319296532211,0.9413347797528189,-0.9082618609831491,-0.7814173318012064,-1.5641373031890429,1
0.5074473736955986,-0.32935348312470164,-0.8541136837866558,0.7600593730623633,-0.46980697459827814,0.32766789610057967,-2.1159909239665695,-0.30661494199120926,-0.8799967853695045,0.18519059398506338,-0.45669375688178887,-0.25817818811533916,-0.533277942226564,-1.647918066291957,-0.9688154037081679,-0.5303570553877153,0
0.5877539144840581,-2.5931591853749,-0.8565119916767546,-0.2685735371049802,-1.1461009058240839,-0.33176447023123223,-0.31809940131545417,0.6221345601428554,0.5481751744169935,1.6760743206144395,0.868530969668765,0.5041429905289482,-0.4321271594069983,0.12332668246827293,-0.8888716957620412,0.24444177980023654,1
1.1728090673694935,-1.9702657278563078,0.15373245092117668,0.36497980361848026,-0.7634756033847102,2.258946973904505,-1.1491843748004005,0.5247506675971065,-1.4544114685048002,1.103479820552447,-1.2025196600424746,0.511266125617574,-2.746382091930457,0.2943859410806321,0.4185529385965861,-1.3675948127412432,0
-1.1594294712013378,0.5215640987865717,0.828263545364038,0.8138258311280764,1.3762598390112273,-1.3004318915749167,-1.0077996464587804,-1.4842255269701,0.958203913243596,-0.3074946754353801,-0.22512474571660057,-0.9456811782918869,0.0930682170625178,1.0091982352888917,0.8374140049524131,0.3021498927789678,0
0.4272256903606526,0.9961012641448721,1.0447465134068417,0.8492462721064744,-0.9992978886941628,-1.1969571487847206,-1.4632993431814822,1.8487607765161502,0.14036819560556688,1.044297148215576,1.7634462765443248,-1.6566885178748616,-0.37062210394276623,-1.1753519161144705,0.3188479267554972,0.36578418363229426,1
0.8727275436755956,-1.0148207346512967,-2.2431478372198597,-0.2423705629727026,-2.9381743319310485,1.2943953216487163,1.3964289977734239,-1.1579444615093064,-0.04327037958799154,0.4302530296272272,-2.118213288853914,0.4559836262870964,1.2457177862338338,-1.494489609882362,-1.304319143702616,-0.701704575878465,1
1.0426096453429516,-0.5720229027599587,-0.8571489062711215,-0.7991136922210251,-2.0371305885316193,0.610303391888766,0.40137699632841956,-0.48581029351350036,-1.988715153204807,0.09822373861439641,1.6203440358156127,1.3345825395651778,-0.3147983938518616,0.928050603890634,-0.08189772825045638,-1.0155999241125184,1
-0.2144611885857614,-0.9327416157501601,-0.46500906536531383,0.4361608330909027,-0.3494597604663477,-0.4326207081342652,0.0383772667807607,-0.2724505548673763,0.514846493199978,-0.49360979574313874,0.018772022062826285,-2.029864676541445,-0.6796487514218903,-1.2687516433726098,0.2357298156218862,2.1540628540508178,0
0.23180579911802796,-0.48724784204625227,-0.0642593720681041,0.4476239089262268,0.1486859962369305,0.15271013019580995,-0.134968397247222,-0.8862373834941691,-1.8076385708049134,1.3742377805601032,-0.9312973059068674,-1.5243759572513877,-0.9936688274701881,-0.40889931242949207,0.5891472601213387,0.5585701268274528,1
0.8586473201993613,1.1531525541978147,-0.2812761711768581,-0.8256069493140039,1.3669407381411314,-1.2012944257290283,-0.31523899343094164,1.0691538051218232,-1.352760424498704,2.272639686008913,0.5152056948437043,-1.381353936157213,0.4241495107220086,0.4996028303667158,-0.48245979727696225,0.012382590579009945,1
-0.07700332472607938,-0.35677070670054606,-1.153060538479998,1.161525386540765,-0.7701794602327394,0.01928772292108035,-1.0539679032270175,-2.3196067719611304,0.188694250088344,-1.017714732503094,-0.9275733037819544,1.4651023258735112,-0.36946234550205825,0.8246270956943185,-1.4902115180977695,0.9842699160256749,0
0.9204044869788133,0.3678381857698307,0.11725005966190626,-1.0143149740763866,0.49458683302363293,-0.5113013532699575,-0.4230746408514536,1.0307764601338496,0.8977519610868193,0.12603387596925,0.3589800422911298,0.6195672222649626,-1.5140471315319493,1.2887907045581852,1.7329523168254415,-0.5784409319207306,0
-1.1090099078647953,0.11006299268748618,0.180464334327013,-0.019029419963540226,0.9641542278577935,0.3126923199063841,0.9821900643807013,-0.6437267149755515,1.7855264421555013,0.9861796326295501,-0.870347715169952,-0.04724780966493491,-0.26460643863796085,-0.3412767007015306,-1.3016103519044826,2.136526641535598,1
-0.07437381008124286,0.41483101257455784,-0.7867441395901019,0.856366243560742,0.5977213872728632,-1.1081201878029132,0.835744332241934,0.3591434664861072,-1.321121487527128,0.21148542670603962,-0.3155088029434613,0.11713294468670304,-0.4306828895013263,-0.8386100068077253,1.4939793442679654,-0.5564856872601462,1
-0.019925564538277526,-0.3059327228967796,0.09067927528790211,-0.8228222242206084,0.8528867071936586,0.03053306781837707,0.5061796119925012,-0.9689818938239118,-2.172245180816666,-0.5500975779124714,0.7964920470236145,0.35169874219294567,-0.14055063391518757,-0.003722187750340635,0.5616960691498452,-0.6218298884712857,0
-0.027084232959882847,-0.15222173020013655,0.7826507981619882,0.3964842580679897,-0.9580838470077823,-0.006473370225054352,-0.899781840433495,-1.152481166842268,-0.7731676361559261,2.090401655956752,1.0480616380674754,0.7008383223227418,1.2068142099156003,1.072287308545253,0.7426729017149353,-0.4566510376716017,1
0.640832812271152,-1.5899868450534762,-0.7446398867348293,0.5914759283444664,1.3985846753353708,-0.9976777749480752,0.42098699671263023,0.15132521588228565,0.004640986919921799,1.7727632547549395,-1.0681580850874839,-2.136685650461774,-0.497184000547812,-0.5575046555260138,0.3565297147455414,-0.45582421116753363,1
0.31479600200145963,0.08027334122281875,1.687306435393691,0.32871034684697,0.43431428392133276,0.015864241191392493,0.9318120076898495,0.34764359664315414,-1.257466830150921,-0.07845253631840174,0.5982231857697519,0.8828284675864504,1.1732942775580242,-1.031667534732234,0.28312736624361057,-1.0476582483252652,0
-0.23714543686127318,-0.9627928374694384,-0.46722974659113664,-0.9371784774415607,0.5284720258523781,1.1943613895206446,-0.855522867834519,-0.34887088394101345,-1.150671583637349,-1.3802204777405707,1.6516092950040244,1.0053136351051604,-1.4353996934566924,0.3688851051414814,0.7387718731918614,0.7380973705187116,1
0.408616045170633,0.9816554850391523,0.3381691351023782,-0.18442059390424567,0.07049289742086277,-0.5623642066789064,-0.23558230481707584,0.18472914082477915,-0.2315527293158658,-0.2942895362881355,-0.9235198026059136,-0.9700700423094284,-1.5326372335368061,0.05234390503228798,0.14600807018009138,-0.4307165835276577,0
-1.0889696024348017,-0.27979393204319014,0.08458945792158092,1.3190746007531682,-1.3883418065343371,0.02111948859473338,1.0655541914246978,-1.3228593838436808,0.384827677280193,-1.0800587934707317,2.010956577551125,-0.5328202632419121,-1.6075071904060387,-0.21124881608802906,0.6300113708067869,0.13356515757407306,0
0.4170537428690182,-0.3189485290051459,0.7844150118690841,0.4254015017862672,-0.9580453985441639,-0.5989813035832614,1.5585092237699498,-0.142884549718606,-2.3304587370548266,-1.1380963534173658,0.0030649769821662243,0.5542309389570328,-0.7517033600324355,0.536978728857976,1.1559321193037413,0.9935356108947129,1
-1.2288055865843137,0.7501885514760358,-0.030342490771339586,-1.8472431731048722,-0.15306117066800715,1.3286768895135581,-1.0732478028099584,1.0550278007403349,-0.8261279939543038,-0.39621855118301363,-1.13295204046843,-0.6777558375335047,-0.033760957354874485,1.3163116457396689,0.6919009172270821,-0.5856980159649932,0
-0.03661513035792213,-0.16349413733735935,0.24501158846760354,1.1919529126657271,-0.33824568744635364,0.7394241395395219,0.41335259991013373,1.0007817268811021,0.01904623489106494,-0.03419993188789808,0.2544408599553776,-1.2788832427698376,0.04965025893712774,1.029930460738518,-0.5499594891535907,1.1264361275865937,1
-2.0398788786135524,-0.8453108207648344,-0.7130481416743161,0.8687210844673277,-0.3083577951375203,-1.1085094127816844,-0.19643986221418,-1.6642010743475932,-0.6778271740052488,-2.325643830812981,-0.10212503004333545,1.1574236098227266,0.38246955823485856,0.23712615555549724,0.6059878020235218,-1.152401200313785,0
-1.5777507874165866,-0.9056719755576038,-1.0373929406153022,-0.40384690506196225,-1.2101413911403194,0.5235169880429236,-1.523472519191484,0.47520940267530953,0.39965036877407006,-0.5136563509825713,1.020508845175696,0.5978195739981421,-0.7260365318792851,0.4061826476130033,0.10018361990257975,-0.6544420090729347,1
-2.1238204547778468,-0.32406629711505197,2.294257232616653,0.2990023465234225,1.6486029671615974,-1.6325282610185712,1.1587661941577985,0.6599487873288461,-0.9067016010695038,1.6007200318806496,0.1204463610662652,0.3258945226233774,-1.56749727288861,-0.2815574607561015,-0.8286786582495945,-0.7632606499726245,0
-0.3442608066152893,0.9199493937078806,-0.272716266698801,0.8402641043141348,-1.7390233452518136,-0.3687898587233743,-0.03150710472722894,1.318036402600447,1.155239185169062,-0.9583900563016393,-0.7629813677851145,2.865597242219723,0.9718433262785617,-1.3321546798022343,-0.9161411339108869,1.6753863002601606,0
-0.2266944319135022,-1.1712321872710012,-0.14448552499771886,-0.08101025510271943,-0.23026819947068522,-1.0186442470748378,-0.2469356885311122,0.2608450706028682,-0.628929473651804,-0.7186112633241876,0.12144331364054252,-0.3432202744378735,2.041206526233962,1.172171774149083,-0.2822596567347856,-0.24113677497330835,0
0.7381067422690237,-0.5863246361058484,0.2779451873569668,-0.5014774148170812,-1.9545899189376328,-0.4812245349645428,1.0793130613625652,-0.018851172072820933,1.3499846766375994,-0.37536958536657045,0.806305491730358,0.13644531483623962,1.4786263747638833,-0.044211391722020925,1.827029248795986,0.08628700092242281,1
-0.5114276193108547,0.6195284054325714,1.53425482573057,-1.1643632086212508,1.4023406174081157,0.510332771326355,-0.3432174656127989,-0.8502269144320703,-1.1897521459682694,0.45213576462988203,0.44225254148163357,0.03322755102236871,0.14155458165777476,0.6688719399858201,0.5346527811116355,1.3619085763856646,0
1.1465637934017605,-0.7833475558830207,0.33091033861528424,1.221063629848065,0.31626135183390613,0.7034974826864645,0.6442393757439171,-0.2905868674680834,-0.8743813282063747,1.9325619231059985,0.6947556512555051,-0.3149404134642954,-0.041024543665283374,-1.1289594912713772,2.1632041751931737,-0.899785378831959,0
-1.8960825960281817,-0.1279439254288704,0.49931487585107137,0.5357427504640483,0.940223274621776,-1.0097800854566215,-1.8173653193561619,1.3805089947698508,0.3077794159523036,-0.16606855012126395,-0.8695580287432931,1.9462275370359634,0.2854405824419262,1.2087360975714931,-0.4741151214355648,-0.18234385724725086,0
-0.6029905176473455,0.6293455893137903,-1.103258677430753,-0.727801624666152,0.8709197806982025,1.1304117391468764,-0.47288522779168185,-0.8386644091930557,1.0067151714402596,0.4044718890816216,0.5832990220344803,0.4467833839597915,0.5952078617473557,-1.3843366204952157,-0.396741806940673,-0.4239905616642117,0
-0.08926077106607694,2.649840613312997,-1.4258246515126607,-1.0369842399613705,-0.8288371716020563,-0.052400194168248954,0.03072661876942188,-1.1609744024194266,0.10820193155784676,-1.0733559624729192,-1.0275723686533889,-0.09901280400328878,0.15436525742930127,-0.19821769326922636,0.633673882007034,-0.8730153323506221,1
0.7826773308923846,-0.2608947426831677,0.357604463710376,-1.1071598928620126,-0.09032207991969292,-1.563548411004138,1.032668653849103,0.5946777889498767,-0.18340099611022573,-0.7770459611509236,-2.0056518110431205,-0.478791270454858,-1.5539533018064853,-0.20234651432235723,-1.2060234732942163,0.9202299756198619,1
0.9559883989272691,-0.4674069767220715,-1.1706901664421885,0.8999142429100045,0.3135443974471752,0.15894496260162513,-0.09304326576692319,0.31039955734407,-0.1941424176634245,-1.610392378314535,0.5124072546818145,-0.10805171028528865,-2.263525297206662,0.6989019700313089,-0.7766971148444275,1.8160602007939182,0
0.15524737148670653,0.2343553742983859,-1.1764319654851392,1.027947241569317,-1.2162528059166684,1.5856033828737617,0.5491911224990332,-0.47673533160262144,0.8677636784957836,-0.9516492001709224,-0.3136419568229095,-1.911131397214545,0.4615732715164431,1.5503220086544192,-1.9291854039556264,-1.0606387861788023,1
0.34678604687007747,0.5586016570815451,0.3556418728273776,0.6898829175849858,-0.7154745868141076,-1.4450469021680785,0.27273507042120587,0.40619527263577315,-1.2734023719181409,-0.9267713988666966,0.0618485867296286,-0.43989473367338555,-0.19081691044581608,0.3128009702429923,-2.0305995546785462,-0.6996471898281494,1
-1.6668939318539622,0.6797533745673464,0.7270141703614464,-0.3890496190834419,-1.9097789120253033,-1.7248110117287705,0.1460343953132865,1.0265580572398927,0.8964570966874964,-2.183502712252142,0.04870785014681428,-0.08376073799230083,-0.4310394695828985,-0.9259060044341422,-0.36917675364671404,0.2194737503674191,1
1.5587901399558401,0.37521954617519954,-0.26917507234450144,-0.24961817512028464,-0.48886843076022757,2.0336594903875054,-0.42497374274174154,0.42224508057378496,-0.18590714343570872,-0.07912677629381375,0.07240305097252618,0.29317024324279384,-1.8101205993786367,1.3392266542784754,1.2768831479352225,0.6215844966587709,0
0.4073821109636638,0.8140175981430242,1.0532338730516926,-0.3310095861252694,0.4805394602832475,0.6930284272140982,-0.4537769042959979,-0.4917711443195485,1.1089310861462462,-0.3481389286032338,-0.77712158121444,-0.10976558293923246,-0.5388136981079373,-0.07157133191638605,0.6575510829830714,-0.9363138784456363,1
0.7373605933109247,1.4143902916205016,-0.2656877257481328,0.9601384787461092,-1.3848934720683712,0.11614146515619617,0.9798529646581535,-0.6593556843639905,0.15467127081115675,0.7530743056030762,0.8109271699293213,-0.8982669303196328,-1.6912933357803448,-1.4051178104300668,-2.580271429942118,-0.007543637522480639,1
-0.13235499528486888,-1.3080961737950225,-0.3601143088319722,0.1149519679848806,-0.9388778245911533,-1.10824456243033,1.9681341072143925,-0.07543235804750335,0.12458531994647946,0.7882826139928606,0.38819784666757845,0.80092306429724,-1.3026105861828379,-0.6919925865479053,1.4047856056506116,-0.5391481438533574,0
-0.42135237903742895,0.07824259496050583,-0.9833541096998516,-0.27451450224467067,-0.7374012426806749,0.18706233372359735,1.853565325280943,0.5467986288095343,0.4683473292468372,1.7415143776796551,-0.12444942309063646,1.3686327353911918,-0.7403620284481811,0.6754331595344206,-0.5285881966352292,-0.050986988819172456,0
0.20707734088125607,1.8087272641192655,-0.7880980444964327,0.7977521095886274,-1.1468745267028102,0.340111846660728,-0.10880988448144752,1.9329191228842222,0.5118743667307994,1.8618834229799475,0.5877889290132482,1.3312017561904281,0.21351292798452903,0.2520969550285473,-0.2683856894474944,-1.0312355680549024,0
-2.5109376225784295,-0.020826839406310263,-1.398578643508684,0.6407930683571416,0.623888710619098,-0.902600453885217,2.152143847984631,-0.4036051651556039,0.2055856500906035,-1.6620091514942061,0.34843523701047147,1.2503843042076257,-0.8657709890979578,-0.5467462372462737,-0.2378845121125424,-1.4344065338982042,1
-0.1678688876054425,1.1112980223745017,-0.4357257465176998,-0.17484733610356157,1.1705553445484642,-0.694188286226529,-0.5758649110523781,-0.356862183722272,-0.47156029191977317,-0.8393270744664779,0.9471783729240737,-1.38828669405148,0.6474064985344102,0.35338226889542557,0.2864208546619434,-0.5365659836578381,1
-0.7072216302400609,0.4767707409979155,0.7107463198984774,0.22623577206478784,1.37795610688898,-0.8051534142194372,-1.458492293672127,-0.6116963238918824,1.8914205818624048,-0.7135183461159232,-0.7251468090944444,1.168296178805732,0.038536386257127804,-0.8061298152511056,0.35808051336968943,-1.686892545847785,0
-2.0254627758391077,0.7239397875761416,0.3748091285807615,-0.009993611499618665,-0.5558509634737735,0.3467199957132611,-0.4864766148635977,-0.5173786703523588,0.81538730115573,0.418565525066516,0.565047997556577,-0.3470652006477682,-0.4558327262140662,-0.5537377272560322,0.4337293696031426,-0.8147951123480502,0
0.8374636579001901,1.1236096139920595,-0.9168527492333911,0.5952011818463732,2.3503247205425093,1.080073889909905,0.8661589351963038,0.704307283883629,0.9270607173397212,-0.687007465390079,-1.4765574077645427,0.7447170193872426,0.665234139416099,-1.6156019306741318,-1.0161057760404981,1.2148087732967956,1
-1.52978638515136,0.5092837130748509,-0.10521201195985119,-0.3120680892049122,-0.09387640408016741,-0.4974219096668392,-1.3568000651690195,-0.19797128184379673,0.2083731169864693,-0.33055735423146787,0.7770172892661834,-0.026785261807145095,1.7971454569458245,0.19554246850533324,-2.1317625866806913,0.35195482023910857,1
0.9413889057909983,-1.1694224665416566,0.8901811941050474,1.351784913352671,1.334215512470598,-0.3210535327212398,-0.6361423218523398,-0.7911487316651172,-1.9671363224191865,0.25485322263861876,-0.6048014324307567,-1.0912375912072696,-0.43636595417400015,0.08951502561339131,-0.3708575169951458,0.46436786363311255,1
-0.6231240047811959,-0.3444838008496513,0.5285921155754624,-0.19695685766703708,0.7485798892576941,0.5970173452122218,-0.11615284269198622,-0.7232996613430345,0.779755638471273,-0.6795561494496141,1.0059653957921992,-0.4317194537979255,0.44904958322603555,-0.8596562043996724,-0.08689337366597136,1.1446389022422858,0
-1.397499435989142,0.3784526864782053,-0.2493607967425554,-0.31424519130989637,0.5724519301610353,-0.27054839542640086,0.5434326862513835,-1.1730470634032846,1.9647876725741134,-0.9378497477526502,1.1034026746048955,-1.4129450313227692,0.7607048149255239,0.015569960567654952,-1.449323358836048,-0.2401995553425545,1
-1.686641825466226,0.765324290767404,0.7642875929731243,-0.3036018227991044,0.3738645160975609,0.2865292291377387,0.9707312554215289,-0.07256811319547923,-1.4809717180080693,-0.4867865440266238,-0.2038273942192359,1.3007527989814187,0.3900015041600358,-0.037854397709711204,-1.0140249937325494,0.16338784333866718,0
-1.4023688767148907,-1.4361848760830251,-0.02769620097664513,-0.43367999328204765,-0.7108984687768539,0.5975712507342706,0.832722134400922,-0.06640759558634789,0.5828971667867986,-1.749226328934443,1.961513897922655,-0.27611009948739834,1.1465664285788466,0.0798649055420918,0.3496280368599541,-0.24916911296555316,1
-0.7692583910604381,0.2741300290299519,-1.1504667746177775,0.35749717774317624,-0.9310783404829227,0.20933664720526898,0.4888000766889305,1.5727100489843395,0.4850801130490794,-1.0459955522472082,-0.9926175171048329,-0.2697886242216894,-0.8258038452278624,0.3186055324701492,0.7298531390455085,0.18060262707121358,0
-0.5413346817611491,0.9783697418564536,-1.0561392830857521,-0.09179507321094922,-0.9246165397098725,2.7505338681500486,0.4118904389163028,-2.731439220322829,-1.2018384643357178,0.1619685136286084,0.4347486813060761,0.5559793257412257,-1.2501533164263359,0.16329875152609746,0.35749610008731686,-0.2921495334172635,0
-2.498910455204873,-0.5850042515543347,0.23030090513955565,1.2720766270679043,0.15037347056780742,-1.960939458073342,0.5910856685467355,1.4551710167021858,1.2897708345684384,1.873286952892861,0.004969647576228784,-1.070774182470284,0.6524211273083175,-0.25573069404117243,1.6479163296841024,1.030863578607978,1
-1.0724125667470796,1.4527460973447917,0.04045084457669636,-1.285639725923175,0.4524011576661584,1.658015210737139,1.7555967636294054,0.5407764295928383,-0.47387254137699114,1.2171862534827183,-0.960815080135076,-0.14129442094628386,-1.3492540025621278,-1.038976398878785,-0.0536910922553144,0.4768833744466682,1
-1.3752526550424597,0.32254622519320386,0.7919403604209576,0.8831474769584918,0.07201395250100324,-0.9230241106691048,0.7659531013920865,-0.9124676980527506,0.5546577485877222,2.5237851322090217,-1.1070140997085918,-0.9785419639103268,0.16356469689930364,0.6864457945852597,-0.01532587364228879,-0.7218615075740631,1
0.33594121775354235,-0.8225801701221158,-0.6188209492954319,1.4288057395390932,-1.6028469019155094,0.8339385178217649,0.5047725741468596,-0.32022998129303304,-0.06291559829862106,0.4508438911336438,2.247989913517965,0.702866808212734,-0.8129766061738359,-0.9640857365751924,1.13771240568911,-2.4667735248795917,0
-0.6223442801588288,1.782796475257993,0.13741573983730648,-0.09889933185638364,-0.9974844213162827,0.3965444022690614,0.29270126303315974,-0.9321482149924025,0.48204782593074885,0.05487661606893846,-0.1111521550444269,-0.11011258656038524,0.7394043024736251,-0.6445657065547397,1.3989828260715829,-0.5431973724342204,0
0.04696806221207312,0.31919430757247647,-0.9103512028714423,-0.4171239037798688,0.3144199508779217,1.0774894859966908,-1.2555467647269494,0.859829076698389,-1.363290869883382,0.5628708467728784,0.9517428786800861,-0.4824679903316682,-0.7046575419365904,-0.4779187133327934,-0.1377680326647002,-0.37779791500744503,1
-0.8915012505604922,0.7186093485956124,0.8781287351051551,0.7262972807962357,-1.038577986291243,0.6294467940446042,0.8958674411504214,0.01234645046567926,-0.7574974465035889,1.1360209009242497,1.159211104773945,-1.6556921084925031,-1.3551691696072439,0.2738693948471068,-0.5025307505456299,-1.1871733504232194,1
0.5303875863513708,-0.19826588487153565,-0.38285037826461565,2.8379331260410674,-0.12488618678729645,-0.38242958041481395,-1.553698940067861,0.0341418827050019,-1.0093013107586528,0.6863425459276683,0.15289305634950223,0.5859309728143284,1.1762924783039284,0.888767894429472,-0.2587151282560236,-0.5725064605329466,0
1.0913048901208398,0.08802849480966334,-1.5746125211211874,0.5756562490536181,1.782789586055769,-0.9698430343345625,0.4156887215195356,0.39164303812859136,0.3404894203178388,0.31841389904856765,-0.5637427305064266,-2.222971569191797,-0.12662689550690484,-0.6901944995577561,0.6883915463993752,-0.6832953898501033,1
-0.8761621415680586,0.7940749983828502,-0.4667364389723906,0.28967686641684676,-1.4886386720655889,-0.7317473523763555,-0.9118583793589181,0.2891181104696893,-0.3981527836648482,-1.8125071581242231,1.0560050202797553,-0.4331350171824316,0.17299240195356702,2.7580208102055197,1.9938243186010596,-1.5985446779801433,1
0.36832256393760887,0.4436421399925516,-0.05218555036747467,0.14410089684855804,2.804392160767377,-0.13903662196733516,0.7233445409059457,-0.9429838909269759,2.9223538176279042,0.5884446301672728,0.4874379254674141,-0.002347234148798748,-0.2883429111485969,0.3186585568109684,-0.979484727828714,0.4623258177092769,0
1.4044229292973731,-1.2291192832476656,-0.5790866576165018,-0.4291563316658382,1.0282625400046879,-1.4773740269479958,0.40855057746094064,-1.1480548882420079,0.40717825942005714,-0.6952870992393496,-0.4848340914202059,1.9886242809236914,-2.066347604619518,0.18517774211169852,0.030745923249960738,-1.291076828480835,0
-1.6563619645562515,-0.14496829584091295,-0.9050378167698114,0.6728906613593817,-1.8564942219866343,1.66995478543739,-0.6121633241578254,-1.2133643994194947,0.605523166624543,0.44080053314775297,-0.07866965158814675,0.10789489004716771,0.7072996578460864,-0.8639661732959282,-0.3759127827029994,-0.22770270657036107,1
1.1543580322176974,1.5530795605806036,0.4266299134232297,0.4677788765072684,0.690091192526039,-0.7810029328810629,0.0700719090853453,2.284910499269851,-1.9050036708468019,-0.7158218929538863,-0.010208823611499144,-1.0207629601278623,-1.3425671635882777,-0.05645560778545324,-0.7990968414616313,1.1043810703101187,1
1.5428608899134,0.1811959306072994,-0.3446752218749466,-0.6183115451004753,-1.0051721202984734,0.3887305759779221,-1.819032599293967,0.09252338606302178,0.32405837372105223,-0.4073984267607785,-1.9629555308841682,-1.2576397964806,-0.7479421196742608,-0.39472279805833854,0.2532247232414341,-1.4417237429492684,1
-1.3448122383308918,-0.273545469666959,0.33975738490336477,1.3280429349519824,-1.450283954813297,0.1777095639847691,-0.30543118540773423,-0.8163207633271009,0.14026352476672632,0.44555337589574373,-1.6914703509119626,1.4072328510334007,-0.4679861484851493,0.3114512264073746,-0.4598179247567279,-1.5542085518826647,1
0.5927847825061884,0.009742601391655017,-1.5243589942023357,-0.17556100712481068,-0.04425337335017309,-0.4297909528693529,0.17288547327303475,1.774538954326957,1.6818542785844985,-0.29569940005299544,0.1292481239931582,-1.4138984942105235,0.2957315429902817,-0.6106815124855792,-0.8414096742071148,0.17038549586839374,1
0.07258416936141755,0.10723817223360727,1.928935160983258,1.4332215612588735,-0.05991050295830265,-1.2999589602104487,-0.6476970406906194,0.4596997450722872,-0.48891943726008613,0.4908357062886684,-1.3983864479455506,0.2541360807156844,0.47337825769189656,0.1377862106093286,1.9827237536804756,-0.10354573310421195,1
0.9776840440429237,1.348264715830338,-1.4059833082768112,-0.801804039067454,1.168475979603588,-0.053143085411663786,-0.9778071501652791,-0.04175454806414289,-0.292790519812827,0.6315881246365982,0.08462343354331135,-1.21502256286971,-0.223659467750365,-1.1099784998562698,-1.0483314767790937,1.6216375589401455,0
1.3827506341912454,-1.6219365149991716,-2.4023666509272013,2.076138139858438,-0.917844945524175,-0.7328334637685154,-0.19759788039952683,-0.5375237178069179,-0.9387540239147286,-2.0976973628832596,0.005958887742113751,0.87031380340985,0.5451360097279283,-1.4203664909725344,-0.51324426898441,1.2104380011472875,0
-0.32461524219272064,0.3615085584735629,-2.769543583785555,1.4249208062588374,-0.6466095437291826,-1.062369518068301,-0.9872592697112017,0.3151271957767339,0.18503229282348738,-0.9329032289833136,0.2606915312768164,-0.5145902690686335,-0.5893663646218472,1.2656048069232542,0.4380796085795128,-1.8401293809708565,0
-0.46195759645528056,-0.14382695310428567,1.8251870684670894,-1.2728967538793967,-2.2391328969304998,0.6944234653005857,0.5025609968031165,0.8727414738569232,0.44875091398538886,-0.08386006639973455,1.831181944425681,-0.07412442865120569,-1.7020101146809037,-0.5697308153467519,-0.01793669275671566,-1.7398325293127446,0
